x轴坐标,y轴坐标,z轴坐标,x轴速度,y轴速度,z轴速度,x轴理想位置坐标,y轴理想位置坐标,z轴理想位置坐标
-11.83421,-6.103516E-05,0.8953781,36.6533,9.307861E-05,-63.70237,0,0,-30
-11.52505,-9.155273E-05,0.3811646,45.27927,0.0002094269,-73.25654,-0.04267494,-2.015919E-06,-30.59848
-10.468,-0.0001144409,-1.368607,50.52475,0.0003325054,-83.26895,-0.1859347,-1.536916E-05,-32.63773
-9.906967,-0.0001449585,-2.335144,46.94671,0.0003846549,-84.01747,-0.2613313,-2.698335E-05,-33.75275
-9.426868,-0.0001678467,-3.204414,44.57906,0.0004626366,-84.68253,-0.3090692,-4.321505E-05,-34.74464
-8.703726,-0.0001907349,-4.585136,42.43671,0.0005062277,-85.32241,-0.3540802,-8.01686E-05,-36.30262
-7.9136,-0.000213623,-6.196976,39.5325,0.0004834296,-86.10043,-0.3626398,-0.0001405797,-38.09768
-7.487441,-0.0002365112,-7.137344,36.40457,0.0003776365,-86.93194,-0.3325286,-0.0001393296,-37.06569
-7.140993,-0.0002670288,-7.928261,34.39511,0.0004371266,-81.35594,0.5308203,-0.0003285443,-37.05166
-6.732673,-0.0003051758,-8.847763,35.60377,-3.014073E-05,-79.0566,0.5601755,-0.0003256708,-36.04601
-6.359363,-0.0003356934,-9.663467,34.60665,2.050019E-05,-73.17485,0.589747,-0.0003231086,-35.14943
-5.322417,-0.0003662109,-11.83932,33.8872,9.326979E-05,-67.85889,0.6784006,-0.000316224,-32.74075
-4.829494,-0.0003967285,-12.78821,31.43404,0.0002061657,-53.80036,0.721899,-0.0003131697,-31.67236
-4.438962,-0.0004348755,-13.47295,31.00593,0.000333566,-47.24255,0.7570694,-0.000310918,-30.88486
-4.150796,-0.0004653931,-13.93214,30.97496,0.0005007839,-42.23011,0.7834063,-0.0003093694,-30.34338
-3.825301,-0.0004882813,-14.40438,31.28056,0.0006648737,-38.55757,0.8135546,-0.000307731,-29.77063
-3.20001,-0.00050354,-15.22841,31.47862,0.0008211594,-34.69049,0.8720703,-0.000304776,-28.73787
-2.550856,-0.0005187988,-15.9894,30.87783,0.0009699601,-28.27785,0.9326965,-0.0003019185,-27.73946
-1.981021,-0.0005340576,-16.56894,30.43648,0.001136703,-21.88854,0.9852748,-0.0002995965,-26.9284
-1.284009,-0.000541687,-17.16827,30.44117,0.001325973,-16.2572,1.04852,-0.0002969703,-26.01133
-0.4475932,-0.000541687,-17.75027,30.24044,0.001518403,-9.847383,1.122865,-0.0002940584,-24.99487
0.7466198,-0.0005187988,-18.37222,29.80727,0.001717447,-2.596709,1.229488,-0.0002901089,-23.61665
1.298986,-0.0005187988,-18.54713,27.80301,0.001851979,7.066719,1.280587,-0.0002883147,-22.99077
2.19695,-0.0004959106,-18.63574,26.76457,0.002035364,14.61702,1.367702,-0.0002854081,-21.97728
2.824506,-0.0004882813,-18.54008,24.40262,0.002153623,23.66913,1.432927,-0.0002833361,-21.25507
3.301566,-0.0004806519,-18.33041,22.18575,0.002300645,32.11246,1.486863,-0.0002817015,-20.68557
3.886946,-0.0004653931,-17.87943,19.96979,0.002442092,40.21802,1.559786,-0.0002795891,-19.94994
4.34808,-0.0004501343,-17.34099,17.16248,0.002557111,48.35261,1.571941,-0.0002978483,-20.65876
4.812939,-0.0004272461,-16.56247,11.57189,0.002352064,49.06581,1.5873,-0.0003214898,-21.56537
5.11227,-0.0004119873,-15.85057,6.087483,0.002086937,46.94073,1.604278,-0.0003430501,-22.33746
5.326278,-0.0004119873,-15.32117,12.81101,0.001787036,35.02048,1.620477,-0.0003601593,-22.90825
5.621214,-0.0004119873,-14.5625,12.56327,0.001732918,35.64204,1.715291,-0.00035725,-22.0998
5.89309,-0.0004119873,-13.83544,12.37515,0.001677812,36.41726,1.809039,-0.0003544754,-21.32925
6.148481,-0.0004119873,-13.12601,12.18897,0.001618998,37.12444,1.903361,-0.0003517803,-20.58118
6.26854,-0.0004196167,-12.58981,-2.149232,0.001592154,41.86764,1.974491,-0.0003498161,-20.03632
6.320978,-0.0004272461,-12.09223,-5.887115,0.001564029,42.91226,1.97832,-0.0003679359,-20.53665
6.321005,-0.0004348755,-11.60323,-9.424994,0.001469238,40.45027,1.977938,-0.0003860967,-21.02566
6.249568,-0.0004348755,-10.87614,-12.54727,0.001386753,37.65384,1.975857,-0.0004155042,-21.75624
6.126621,-0.0004425049,-10.24905,-15.24939,0.001259283,33.09751,1.972377,-0.0004434092,-22.39526
5.982821,-0.0004577637,-9.767899,-17.70192,0.001170812,28.84776,1.966664,-0.000467322,-22.89741
5.789455,-0.0004653931,-9.298058,-20.07792,0.00112884,25.17461,1.957052,-0.0004941591,-23.40539
5.530103,-0.0004730225,-8.819283,-22.32261,0.001065714,21.21282,2.042281,-0.0004914724,-22.86193
5.250479,-0.0004959106,-8.406342,-23.98086,0.001081286,19.74699,2.122702,-0.0004890046,-22.36312
4.764272,-0.0004959106,-7.811333,-25.32471,0.001150574,18.38954,2.249613,-0.0004852116,-21.59702
4.281522,-0.00050354,-7.303101,-25.62018,0.001173331,17.33691,2.368142,-0.0004817596,-20.90031
3.931909,-0.0005187988,-6.976707,-25.48012,0.00122118,16.46062,2.451141,-0.000479403,-20.42505
3.364921,-0.0005187988,-6.498032,-25.39042,0.001297419,15.60857,2.583577,-0.0004757349,-19.68591
2.972524,-0.0005264282,-6.188919,-24.1553,0.001344455,15.19018,2.675967,-0.0004732377,-19.18313
2.403366,-0.0005340576,-5.761436,-23.03587,0.001413999,14.76818,2.813216,-0.0004696158,-18.45453
1.862085,-0.0005340576,-5.36013,-20.86896,0.001494608,14.80288,2.950065,-0.0004660884,-17.74558
1.510636,-0.000541687,-5.093208,-18.24607,0.001560197,15.07785,3.045506,-0.0004636847,-17.26291
1.09764,-0.000541687,-4.762505,-15.80576,0.001648331,15.30844,3.168295,-0.0004606617,-16.65643
0.7029033,-0.000541687,-4.415726,-12.75084,0.001722673,15.8732,3.300297,-0.0004574837,-16.01948
0.3119372,-0.0005340576,-4.020264,-9.311715,0.001799747,16.68187,3.452539,-0.0004538981,-15.30154
0.005799592,-0.0005264282,-3.639946,-5.418116,0.001857157,17.79709,3.598477,-0.0004505347,-14.62876
-0.1936044,-0.0005340576,-3.359383,-11.11638,0.00164792,22.23208,3.699811,-0.0004482486,-14.17195
-0.4037944,-0.0005340576,-3.025742,-10.65271,0.001645984,23.82572,3.813637,-0.000445734,-13.67002
-0.5970504,-0.0005340576,-2.695229,-10.45652,0.001689848,22.40025,3.924539,-0.000443334,-13.19149
-0.7692393,-0.000541687,-2.370651,-9.87886,0.001695195,24.81126,4.029665,-0.0004411048,-12.74751
-1.032251,-0.0005340576,-1.83744,-9.728941,0.001705608,24.55704,4.199456,-0.0004375758,-12.04543
-1.258111,-0.0005264282,-1.345985,-9.496518,0.001714678,25.53427,4.35319,-0.0004344429,-11.4229
-1.418674,-0.0005340576,-0.9575195,-9.058533,0.001687515,29.63375,4.468752,-0.0004321334,-10.96453
-1.575676,-0.0005340576,-0.5372086,-8.786828,0.00168711,31.40089,4.588044,-0.0004297946,-10.50092
-1.804803,-0.0005264282,0.1382523,-8.54603,0.001688571,33.18948,4.771486,-0.0004262655,-9.802244
-2.024629,-0.0005187988,0.8473053,-8.408716,0.001688318,35.04501,4.963556,-0.0004226389,-9.085175
-2.211992,-0.0005111694,1.506073,-7.973253,0.00162318,35.77652,5.144063,-0.000419293,-8.424492
-2.245523,-0.0005187988,1.944344,15.38096,0.001840055,34.20153,5.262043,-0.0004171458,-8.001066
-2.275603,-0.0005264282,2.391937,-1.66225,0.001602596,37.15977,5.164423,-0.000438204,-8.438921
-2.214312,-0.0005340576,2.865288,21.87306,0.001800682,32.52179,5.297029,-0.0004357677,-7.980408
-2.053811,-0.000541687,3.358749,27.96865,0.001861152,32.2669,5.443714,-0.0004331191,-7.482668
-1.710655,-0.0005340576,4.012566,33.36678,0.00187403,31.02638,5.656049,-0.0004293504,-6.775457
-1.281941,-0.0005340576,4.59993,37.64061,0.001807297,29.18256,5.86873,-0.0004256392,-6.080076
-0.9560138,-0.000541687,4.946838,40.73662,0.001733379,27.13938,6.010303,-0.0004232101,-5.62562
-0.6137971,-0.0005569458,5.243263,43.04297,0.001669733,25.07077,6.147211,-0.0004208998,-5.194069
-0.2874574,-0.0005645752,5.547211,23.13497,0.001222677,25.98119,6.284289,-0.0004186243,-4.769701
0.1090515,-0.000579834,5.858627,43.27854,0.001626252,24.37725,6.441788,-0.000416052,-4.290749
0.6546674,-0.0005874634,6.323807,24.20003,0.001152463,25.38724,6.669372,-0.0004123943,-3.610826
1.380803,-0.0005874634,6.991547,23.51489,0.00112654,26.21222,6.987486,-0.0004073624,-2.677044
1.70522,-0.0006027222,7.31134,22.85992,0.001105204,26.918,7.136714,-0.000405039,-2.246643
2.18808,-0.0006103516,7.819397,22.19252,0.001082272,27.60897,7.369922,-0.0004014646,-1.585667
2.53367,-0.0006256104,8.205872,21.55607,0.001065695,28.20637,7.545103,-0.000398821,-1.097702
2.988382,-0.0006332397,8.744446,20.93447,0.001048111,28.76117,7.786925,-0.0003952274,-0.435627
3.433749,-0.0006408691,9.301186,20.344,0.001035599,29.24221,8.035253,-0.0003915931,0.2326851
3.756583,-0.0006561279,9.723343,19.70142,0.001008027,29.00142,8.223158,-0.0003888845,0.7298069
4.047167,-0.0006713867,10.1199,19.22415,0.0009938986,29.35122,8.39958,-0.0003863792,1.188683
4.329675,-0.0006866455,10.52135,18.76986,0.0009842181,29.67113,8.578347,-0.0003838782,1.645868
4.621014,-0.0007019043,10.95155,18.33938,0.0009760273,29.96081,8.770327,-0.0003812315,2.12867
4.979357,-0.0007171631,11.50029,17.93354,0.0009698151,30.2205,9.015995,-0.0003778937,2.736259
5.35885,-0.0007247925,12.10166,17.55499,0.0009659104,30.44441,9.286382,-0.000374273,3.393948
5.594528,-0.0007400513,12.48734,17.20366,0.0009667359,30.64037,9.460694,-0.0003719721,3.810966
5.834303,-0.0007476807,12.89182,16.87298,0.0009663463,30.83213,9.644596,-0.000369579,4.243725
6.078028,-0.0007629395,13.3149,16.56468,0.0009731973,31.00087,9.838223,-0.0003670947,4.691948
6.320377,-0.0007781982,13.74704,16.27804,0.0009770398,31.14769,10.03742,-0.0003645744,5.145592
6.673401,-0.0007858276,14.39253,16.01326,0.0009857839,31.27642,10.33727,-0.000360833,5.81744
6.991448,-0.0008010864,14.98771,15.77546,0.00100074,31.37301,10.61604,-0.0003574024,6.431995
7.315918,-0.0008010864,15.608,15.55982,0.001012709,31.45707,10.90913,-0.0003538447,7.067711
7.562016,-0.0008163452,16.08772,15.36703,0.001034327,31.52456,11.13789,-0.0003511055,7.555935
7.80183,-0.000831604,16.56361,15.19203,0.001053673,31.58874,11.36701,-0.000348399,8.037067
8.130368,-0.0008392334,17.2235,14.97528,0.001050588,31.0572,11.68812,-0.0003446565,8.700603
8.429431,-0.0008468628,17.83063,14.87865,0.001075452,31.0684,11.98679,-0.0003412218,9.307919
8.655598,-0.0008621216,18.28625,14.86247,0.001115541,29.32336,12.2142,-0.0003386413,9.762928
8.884157,-0.0008773804,18.68956,25.70447,0.002543557,35.35251,12.42411,-0.0003362907,10.17624
9.117398,-0.0008850098,19.09871,16.46841,0.001430503,28.42808,12.27483,-0.0003734413,9.729568
9.607304,-0.0008773804,19.95226,16.57434,0.001466064,28.34738,12.73087,-0.0003679429,10.60169
9.970266,-0.000869751,20.57935,16.71447,0.001503348,28.22201,13.0708,-0.0003638968,11.24155
10.45413,-0.0008544922,21.40725,16.86368,0.00154748,28.10387,13.52628,-0.0003585444,12.0854
10.73453,-0.0008544922,21.88164,17.04122,0.001590685,27.95788,13.79127,-0.0003554702,12.56856
11.09276,-0.0008544922,22.48613,17.38156,0.00166512,29.12893,14.13332,-0.0003515524,13.18235
11.62811,-0.0008239746,23.38562,17.48146,0.001707257,29.04006,14.64909,-0.0003457193,14.0932
12.05104,-0.0008163452,24.09152,17.62777,0.001762438,28.90841,15.05952,-0.0003411363,14.80643
12.29542,-0.0008163452,24.50039,17.68618,0.001805388,29.77567,15.29999,-0.0003384851,15.2176
12.5135,-0.0008239746,24.8656,17.71419,0.001847305,29.74103,15.51732,-0.0003361191,15.58326
12.74524,-0.000831604,25.25358,17.75506,0.001892873,29.70106,15.75098,-0.0003336071,15.97008
13.07584,-0.000831604,25.80617,17.81301,0.001934284,29.6499,16.08785,-0.0003300303,16.51886
13.38165,-0.000831604,26.31567,17.90126,0.001983559,29.57269,16.40237,-0.0003267319,17.02301
13.61137,-0.0008468628,26.69659,18.00509,0.00203543,29.48835,16.64057,-0.0003242648,17.39869
13.84171,-0.0008544922,27.0763,18.11456,0.002084343,29.40673,16.88112,-0.0003218035,17.772
14.04827,-0.0008621216,27.41443,18.23763,0.002136589,29.3168,17.0982,-0.0003196094,18.10345
14.37163,-0.0008544922,27.93955,18.36996,0.002189533,29.2229,17.43988,-0.0003161974,18.61683
14.69266,-0.0008468628,28.45602,18.53343,0.002250078,29.1012,17.78061,-0.0003128358,19.12052
14.99803,-0.0008392334,28.94206,18.71389,0.002313433,28.96898,18.10582,-0.0003096655,19.59351
15.21593,-0.0008468628,29.28474,18.90854,0.002379199,28.82863,18.33843,-0.000307425,19.92636
15.43647,-0.0008468628,29.62716,19.10337,0.002441754,28.69331,18.57431,-0.0003051798,20.2584
15.67807,-0.0008468628,29.96356,27.43702,0.003656247,30.39327,18.81677,-0.0003028992,20.59418
15.9304,-0.0008468628,30.28242,28.70233,0.003885087,29.50978,18.62842,-0.0003386585,20.23383
16.22255,-0.0008392334,30.619,28.50329,0.003978263,26.6038,18.8945,-0.0003359403,20.59137
16.66269,-0.0008087158,31.08531,29.47814,0.004165764,25.77007,19.2813,-0.0003320337,21.10281
17.07047,-0.0007858276,31.4863,30.24152,0.004265177,25.03292,19.62984,-0.0003285535,21.55622
17.37972,-0.0007705688,31.77098,30.86103,0.004351617,24.37701,19.88863,-0.0003259987,21.88742
17.83243,-0.0007400513,32.16396,31.39449,0.004431807,23.77545,20.26147,-0.0003223596,22.35684
18.13063,-0.0007324219,32.41017,31.73415,0.004449058,23.32209,20.50441,-0.000320015,22.65772
18.46914,-0.0007171631,32.67776,32.05042,0.004505122,22.89808,20.29246,-0.0003588742,22.28186
18.98373,-0.0006713867,33.06478,30.80159,0.004404563,20.44749,20.70426,-0.0003545427,22.77684
19.46239,-0.0006332397,33.41036,30.92807,0.004361937,20.16794,21.08549,-0.0003505767,23.22762
19.79366,-0.000617981,33.64195,30.97706,0.00430744,19.98491,21.349,-0.0003478652,23.5341
20.11906,-0.0006027222,33.8636,31.04016,0.004292557,19.81483,21.60813,-0.0003452278,23.83053
20.47499,-0.0005874634,34.10119,31.05114,0.004267808,19.71609,21.89242,-0.0003423655,24.15039
20.96542,-0.0005493164,34.42401,30.99359,0.004234789,19.70743,22.28609,-0.0003384445,24.58599
21.48527,-0.0005111694,34.76416,30.80396,0.004127153,19.85731,22.70647,-0.0003343023,25.0434
21.99374,-0.0004730225,35.09746,30.54342,0.003997584,20.11137,23.12163,-0.0003302554,25.48754
22.36267,-0.0004577637,35.34145,30.24259,0.003846564,20.4369,23.42642,-0.0003273162,25.80808
22.69528,-0.0004425049,35.5643,29.98309,0.003741654,20.74443,23.70478,-0.0003246604,26.09584
23.05075,-0.0004272461,35.8064,29.72146,0.003631526,21.0674,24.00646,-0.0003218127,26.40236
23.39713,-0.0004119873,36.04691,29.43324,0.003517287,21.42531,24.30486,-0.0003190257,26.70033
23.75531,-0.0003967285,36.30106,29.13676,0.003398433,21.79689,24.61833,-0.0003161287,27.00793
24.26126,-0.0003662109,36.66861,28.8274,0.003275438,22.18266,25.06852,-0.0003120117,27.44199
24.72725,-0.0003433228,37.01611,28.45766,0.003105255,22.6238,25.49054,-0.0003081926,27.84173
25.06112,-0.0003356934,37.27208,28.09829,0.002943325,23.05307,25.2671,-0.0003414453,27.48528
25.38993,-0.000328064,37.529,26.1865,0.002708335,21.50988,25.04268,-0.0003739201,27.13349
25.72861,-0.0003204346,37.79663,24.3596,0.002502807,19.87672,25.36253,-0.0003705589,27.42335
26.05094,-0.0003128052,38.05449,24.20259,0.002428684,20.04698,25.67082,-0.0003673517,27.69783
26.38538,-0.0003051758,38.32547,24.05091,0.002351852,20.21165,25.43476,-0.0004053227,27.33788
26.86813,-0.000289917,38.71889,22.22273,0.002149086,18.4392,25.91058,-0.0004000037,27.74873
27.33066,-0.0002746582,39.09829,21.92387,0.002047209,18.34776,26.37554,-0.0003948568,28.1431
27.64056,-0.0002746582,39.35419,21.64726,0.001937169,18.25463,26.69329,-0.000391374,28.40776
27.97861,-0.0002746582,39.6352,21.39496,0.001860902,18.15234,27.04675,-0.0003875376,28.69685
28.69105,-0.0002365112,40.23106,21.17029,0.001788307,18.04693,27.80603,-0.0003793768,29.30648
29.01525,-0.0002365112,40.50354,21.03284,0.001615215,17.94219,28.15775,-0.0003756335,29.58362
29.51761,-0.0002212524,40.92732,20.88739,0.001522252,17.82593,28.71201,-0.0003697926,30.0121
29.95052,-0.000213623,41.29317,20.82707,0.00139185,17.69906,29.19692,-0.0003647326,30.3798
30.25008,-0.0002212524,41.54625,20.8075,0.001275121,17.56146,29.53698,-0.000361219,30.63264
30.55031,-0.0002288818,41.79935,20.79795,0.00119827,17.41681,29.88185,-0.0003576906,30.88401
30.86559,-0.0002365112,42.06402,20.83169,0.001129915,17.26102,30.24769,-0.0003539842,31.14538
31.13442,-0.00025177,42.2882,20.91643,0.001070558,17.09216,30.5622,-0.0003508289,31.36555
31.48165,-0.0002593994,42.5752,21.02708,0.001041415,16.91407,30.97105,-0.000346767,31.64595
31.9039,-0.0002670288,42.9201,21.21677,0.001005723,16.71591,31.47031,-0.0003418551,31.98128
32.31182,-0.0002746582,43.24817,21.49493,0.0009814457,16.49403,31.95328,-0.0003371495,32.29887
32.60723,-0.000289917,43.48127,21.82465,0.0009660502,16.25539,32.30259,-0.0003337793,32.52366
32.92547,-0.0003051758,43.72696,22.15194,0.000979265,16.01268,32.01495,-0.0003662745,32.1864
33.20425,-0.0003204346,43.93622,20.53965,0.0008990458,14.0328,32.34877,-0.0003628359,32.39352
33.49856,-0.0003356934,44.15015,20.45785,0.0009138915,13.35348,32.7068,-0.0003591829,32.61083
33.7924,-0.0003509521,44.3561,20.44327,0.0009435943,12.68281,33.06912,-0.0003555209,32.8259
34.26159,-0.0003585815,44.67178,20.49125,0.0009876986,12.02614,33.65403,-0.0003496649,33.16531
34.72852,-0.0003662109,44.9717,20.72399,0.001029497,11.4086,34.2401,-0.0003438527,33.49762
35.21767,-0.0003738403,45.27011,21.05215,0.001081372,10.82815,34.85563,-0.0003378063,33.83845
35.49449,-0.0003890991,45.42971,21.48851,0.001144128,10.29493,35.20329,-0.0003344238,34.02634
35.80434,-0.0004043579,45.59794,21.86162,0.001232513,9.750779,34.91591,-0.0003654733,33.69592
36.11574,-0.0004196167,45.75453,20.28263,0.001231774,7.641044,35.31087,-0.0003613863,33.9011
36.61222,-0.0004196167,45.98382,20.29814,0.001324792,6.793964,35.94909,-0.0003548434,34.22447
37.01838,-0.0004272461,46.15488,20.5418,0.001393339,6.11062,36.47564,-0.0003494957,34.48451
37.31724,-0.0004425049,46.26891,20.83004,0.001486477,5.478981,36.86467,-0.0003455817,34.67165
37.6155,-0.0004501343,46.37127,21.12219,0.001608412,4.863566,37.25318,-0.0003417095,34.8536
37.90485,-0.0004577637,46.46007,21.48252,0.001721522,4.31792,37.62909,-0.0003379979,35.02488
38.50236,-0.0004425049,46.62314,21.90014,0.001842871,3.836408,38.40086,-0.0003304486,35.36683
38.95795,-0.0004348755,46.7344,22.63074,0.001914526,3.697459,38.98251,-0.0003248125,35.61718
39.41442,-0.0004272461,46.83483,23.35099,0.001997739,3.570179,38.55074,-0.0003697863,35.16983
39.75723,-0.0004272461,46.89782,21.1211,0.001927531,1.482071,38.21767,-0.0004032432,34.83573
40.04719,-0.0004348755,46.93721,18.86605,0.001875595,-0.5679008,37.93509,-0.0004350923,34.53464
40.30042,-0.0004425049,46.95578,16.41631,0.001826661,-2.749216,37.74796,-0.000500289,34.20198
40.5722,-0.0004501343,46.95268,13.93584,0.001659613,-5.22134,38.17219,-0.0009515994,34.07497
40.91851,-0.0004501343,46.91247,12.90333,0.000291145,-7.27782,38.76901,-0.00130683,34.20061
41.24012,-0.0004653931,46.83894,12.27604,-0.001145018,-8.559819,39.22503,-0.001087169,34.60413
41.55165,-0.0004882813,46.7352,11.48911,-0.001076392,-8.785486,39.63449,-0.0006359746,35.08733
41.77223,-0.0005187988,46.64263,10.69387,-0.0001135142,-8.325066,40.08986,-0.0006278633,35.24416
41.95689,-0.0005493164,46.55053,10.38708,-0.0001007682,-8.440122,40.51794,-0.0008794314,35.27748
42.13908,-0.000579834,46.44623,10.28513,-0.0008377071,-8.742759,40.94239,-0.0008688977,35.41524
42.38929,-0.000617981,46.28881,10.36389,-0.0009537471,-8.603548,41.55064,-0.0008539334,35.6057
42.62484,-0.0006561279,46.13521,10.96979,-0.001002056,-7.965225,42.13512,-0.0008396794,35.78201
42.78773,-0.0006942749,46.03105,11.81822,-0.001012185,-7.121976,42.01427,-0.001441885,35.37982
42.9441,-0.0007400513,45.92811,11.03478,-0.002831915,-7.919571,41.7109,-0.001623245,35.10634
43.10069,-0.000793457,45.81685,9.512511,-0.003788407,-8.560921,42.006,-0.001936826,34.82112
43.25225,-0.0008621216,45.69975,9.441983,-0.005219407,-9.342633,42.37177,-0.00178871,35.04484
43.46446,-0.0009613037,45.52958,9.704391,-0.00541324,-8.71274,42.82597,-0.001483072,35.45702
43.69533,-0.001075745,45.35051,10.20956,-0.004877986,-7.102452,43.33432,-0.001194912,35.89349
43.90382,-0.001182556,45.20654,11.00276,-0.004043772,-4.957253,43.88736,-0.001485861,36.11433
44.04685,-0.001266479,45.12519,12.20715,-0.004666771,-3.106121,43.65778,-0.001653687,35.79586
44.19764,-0.001358032,45.05223,11.52277,-0.00512698,-2.792461,43.39365,-0.001777508,35.48445
44.35483,-0.001457214,44.98477,10.43346,-0.005493781,-2.664082,43.74921,-0.001766411,35.23914
44.49666,-0.001548767,44.93081,10.87423,-0.005455615,-2.53609,44.13903,-0.001745427,35.2551
44.65836,-0.001647949,44.87885,11.61499,-0.005327112,-1.802084,44.5686,-0.001752368,35.33907
44.99287,-0.001823425,44.7949,12.60216,-0.005173563,-0.8210708,45.43954,-0.00189497,35.42783
45.24982,-0.001960754,44.75157,14.58884,-0.005123883,0.3703666,46.05711,-0.002170349,35.55007
45.444,-0.002067566,44.73504,16.45361,-0.005562033,1.664907,46.48514,-0.002436306,35.64349
45.64595,-0.002174377,44.73336,18.212,-0.006166812,2.911833,46.89882,-0.00267152,35.69661
45.87533,-0.002288818,44.74672,20.08012,-0.006797389,4.071112,46.47237,-0.002464381,35.76813
46.1204,-0.002403259,44.77609,19.5039,-0.006172606,5.276721,46.05253,-0.00227057,35.64573
46.51787,-0.002563477,44.84499,18.40843,-0.005345191,5.891072,46.74065,-0.002493633,35.565
46.88641,-0.002708435,44.92428,19.67367,-0.005396159,6.39151,47.36058,-0.002673829,35.54651
47.15359,-0.002822876,44.99039,21.03906,-0.005410198,6.929702,47.79036,-0.002806289,35.52634
47.45204,-0.002937317,45.07148,22.33049,-0.005398724,7.424554,48.24265,-0.003021523,35.45511
47.8419,-0.003074646,45.18313,23.71609,-0.005647654,7.650805,48.70448,-0.003363294,35.12464
48.19081,-0.003196716,45.28199,24.96655,-0.00628055,6.886678,49.07607,-0.003651215,34.81666
48.70509,-0.003364563,45.4192,26.12365,-0.006950053,5.891796,49.06855,-0.002368364,35.49339
49.17144,-0.003501892,45.54649,25.65504,-0.002890483,7.423487,49.36028,-0.001876718,36.01202
49.52182,-0.003593445,45.64889,25.8359,-0.0002074839,8.909836,49.79652,-0.001967289,36.01885
49.863,-0.003662109,45.75353,26.67053,0.001062694,9.224318,49.90304,-0.002404168,35.61903
50.20226,-0.003715515,45.85783,26.60739,0.001226018,8.234804,49.96896,-0.002828132,35.22064
50.57614,-0.003761292,45.96836,26.25129,0.001106247,6.866655,50.17263,-0.00314382,34.83013
50.94062,-0.003799438,46.06699,25.99693,0.001010783,5.120511,50.59959,-0.003221988,34.81726
51.53129,-0.003829956,46.20987,26.31197,0.001402745,4.162128,51.21516,-0.003111503,35.12326
52.05072,-0.003852844,46.3231,26.5485,0.00230786,3.936186,51.81499,-0.003183998,35.13842
52.44286,-0.003868103,46.39798,26.96964,0.002746897,3.044382,52.26367,-0.003142435,35.13771
52.81147,-0.003875732,46.45763,27.38252,0.003467922,2.142626,52.68077,-0.00310409,35.13284
53.17819,-0.003875732,46.50576,27.81311,0.004198828,1.212826,53.09063,-0.003066697,35.12392
53.59526,-0.003860474,46.54723,28.26266,0.004938186,0.2525164,53.55052,-0.003025057,35.10928
54.20921,-0.003807068,46.58819,28.73966,0.005671788,-0.7524691,54.21777,-0.002965101,35.08128
54.77796,-0.003746033,46.60687,29.26826,0.006363588,-1.842943,54.82627,-0.002910841,35.04956
55.37653,-0.003669739,46.60595,29.79393,0.007019273,-2.933284,54.22379,-0.003008737,34.86142
55.75967,-0.003623962,46.59019,26.62144,0.00716611,-4.475585,53.82311,-0.00302823,34.77162
56.3037,-0.00353241,46.54336,23.80625,0.007509634,-5.822425,54.28782,-0.003163364,35.1601
56.68205,-0.003471375,46.49704,22.50688,0.007317096,-5.699481,54.71893,-0.003264053,35.24462
57.20919,-0.003364563,46.41371,21.54881,0.007149812,-6.16732,55.3571,-0.003383159,35.22132
57.66607,-0.003265381,46.32485,20.79593,0.006665601,-6.751541,55.92883,-0.003475098,35.14677
57.98445,-0.003204346,46.25069,20.13773,0.006115389,-7.431083,56.33699,-0.003525859,35.05779
58.30116,-0.003143311,46.16381,19.49467,0.005660478,-8.191411,56.75208,-0.003563991,34.94008
58.58881,-0.003089905,46.07197,18.94378,0.005158843,-9.013804,57.13883,-0.003593998,34.81638
58.86178,-0.003044128,45.97165,18.4693,0.004629716,-9.865644,57.40189,-0.003673271,34.51721
59.13607,-0.003005981,45.85453,17.74217,0.003912832,-11.24526,57.66372,-0.003761568,34.1959
59.53963,-0.002937317,45.65303,16.9994,0.003097789,-12.79253,58.24683,-0.003635892,34.4411
59.89569,-0.002883911,45.45539,16.81628,0.002736276,-12.53913,58.71816,-0.003479018,34.77142
60.12725,-0.002868652,45.31881,16.57524,0.002556794,-11.70918,59.09143,-0.003419205,34.86411
60.36992,-0.002853394,45.17002,16.50455,0.002279414,-11.3845,59.28095,-0.003538128,34.49839
60.65359,-0.002838135,44.98603,15.95498,0.001499049,-12.22875,59.23724,-0.003631135,34.0068
60.88284,-0.002838135,44.82323,14.54056,0.0006956057,-13.5087,59.62313,-0.003659151,33.85382
61.12069,-0.002845764,44.63987,14.33467,5.228487E-05,-14.07045,60.0263,-0.003556847,34.04385
61.45885,-0.002845764,44.36544,14.27177,-0.0001978188,-13.53574,60.61574,-0.003434843,34.32098
61.79778,-0.002853394,44.08847,14.58552,-0.0003295475,-12.18422,61.24678,-0.003337343,34.52552
62.03785,-0.002876282,43.89935,15.2087,-0.0004200137,-10.6303,61.42235,-0.003486473,34.08869
62.36287,-0.002906799,43.64808,14.98455,-0.001124889,-10.90848,61.59277,-0.00368669,33.47112
62.58655,-0.002944946,43.47306,14.43719,-0.002054153,-11.72745,61.74793,-0.003810923,33.05228
62.79415,-0.002990723,43.30544,14.0358,-0.002859085,-12.459,62.10732,-0.003647653,33.27246
63.11012,-0.003051758,43.05042,14.24462,-0.002842329,-11.48149,62.60437,-0.003403593,33.6871
63.39545,-0.003112793,42.8321,14.64984,-0.002379305,-9.365781,63.13586,-0.003228519,33.93027
63.59416,-0.003166199,42.69479,15.38628,-0.001893657,-7.375656,63.52306,-0.003167695,33.82232
63.92475,-0.003234863,42.49257,16.1377,-0.001596181,-6.341909,64.1114,-0.003123824,33.53601
64.15295,-0.003288269,42.37088,17.2318,-0.001216684,-5.626261,64.52272,-0.00308114,33.38929
64.37738,-0.003341675,42.26822,18.2989,-0.0008020302,-4.802718,64.90977,-0.003041258,33.24731
64.75033,-0.003395081,42.12405,19.44169,-0.0003230477,-4.045012,65.52168,-0.00297865,33.01665
65.10557,-0.003440857,42.00949,20.92779,0.0002947483,-3.459711,66.07185,-0.002922756,32.80362
65.37833,-0.003479004,41.9367,22.45976,0.0009568084,-2.979677,66.46864,-0.002882731,32.64587
65.66003,-0.003509521,41.87484,23.92743,0.001624819,-2.538416,66.8531,-0.002844226,32.48903
65.9649,-0.00353241,41.81982,25.42288,0.002324105,-2.195385,67.24333,-0.002805419,32.32575
66.26749,-0.003547668,41.77476,26.94102,0.003053175,-1.967797,67.60683,-0.002769528,32.16985
66.6268,-0.003547668,41.73013,28.44855,0.003796786,-1.83378,68.01251,-0.002729754,31.99158
67.21989,-0.003517151,41.6672,29.95399,0.00454406,-1.85556,68.64306,-0.002668371,31.70783
67.7644,-0.003479004,41.61492,31.45365,0.00529291,-2.242475,69.18925,-0.002615579,31.45618
68.42206,-0.003417969,41.55419,32.87149,0.006015487,-2.735234,68.94349,-0.002333306,32.10102
68.85863,-0.003379822,41.52224,31.56519,0.007367207,-0.6665056,68.81216,-0.00214024,32.52776
69.28262,-0.003326416,41.50347,30.59304,0.008686279,1.18519,68.97312,-0.002582732,32.13008
69.71767,-0.003265381,41.49222,30.10711,0.008167848,0.8630394,69.0814,-0.002894459,31.70514
70.37203,-0.00315094,41.4803,29.22908,0.007645853,0.1472869,69.45375,-0.003255475,31.15714
70.9795,-0.003044128,41.4654,28.22618,0.006532769,-1.250618,69.916,-0.003465566,30.74031
71.38468,-0.002983093,41.44851,27.41856,0.005537707,-2.652747,70.31554,-0.003565311,30.60489
71.76583,-0.002929688,41.42459,26.92551,0.004774289,-3.510725,70.70444,-0.003597134,30.49751
72.16297,-0.002883911,41.39008,26.46678,0.004116558,-4.356774,71.11322,-0.003590264,30.37259
72.71912,-0.002815247,41.32637,26.02218,0.003533586,-5.290328,71.71144,-0.003413942,30.26021
73.29697,-0.002746582,41.24288,25.66689,0.003359409,-6.169519,72.26624,-0.003342738,29.93583
73.85366,-0.002685547,41.14128,25.14189,0.002949762,-7.665062,72.80733,-0.003273766,29.61349
74.21867,-0.002662659,41.05789,24.61796,0.002557738,-9.283833,73.1668,-0.003228257,29.39533
74.57513,-0.0026474,40.95794,24.11725,0.002216859,-10.81483,73.52267,-0.00318351,29.17534
74.93488,-0.002632141,40.83635,23.62519,0.001913645,-12.40583,73.88689,-0.003138026,28.94608
75.36922,-0.002616882,40.66204,23.14535,0.001634568,-14.05238,74.2971,-0.002988405,29.28139
75.7888,-0.002601624,40.47245,22.5769,0.00169038,-13.92869,74.69018,-0.002852114,29.62566
76.46211,-0.002563477,40.14379,21.98059,0.001806782,-13.35208,75.38844,-0.002771924,29.12834
77.05577,-0.002540588,39.82837,21.50287,0.001775658,-14.47831,76.01443,-0.002700527,28.67529
77.35507,-0.002540588,39.65458,21.06358,0.001795749,-15.63952,76.33518,-0.002664197,28.4394
77.66262,-0.002540588,39.45961,20.62516,0.00181654,-16.68556,76.67007,-0.00262653,28.18916
77.93327,-0.002548218,39.27256,20.21831,0.001868594,-17.75944,76.96937,-0.002593096,27.96195
78.23898,-0.002548218,39.04276,19.83586,0.001959465,-18.83244,77.31255,-0.002555026,27.69734
78.68687,-0.002532959,38.67769,19.49814,0.002071871,-19.9201,77.82244,-0.002498847,27.29804
79.09051,-0.00252533,38.32228,19.25308,0.002220614,-21.02755,78.2876,-0.00244795,26.92809
79.37,-0.00252533,38.05761,19.05159,0.00240728,-22.10255,78.61304,-0.002412588,26.66523
79.63837,-0.00252533,37.7855,18.85254,0.002602968,-23.1446,78.9283,-0.002378568,26.40666
80.03003,-0.002510071,37.36224,18.68969,0.002821151,-24.15149,79.39175,-0.002328899,26.02071
80.31896,-0.002502441,37.03148,18.62905,0.003065256,-25.07103,79.73527,-0.002292338,25.73026
80.72473,-0.002471924,36.54201,18.57265,0.003318924,-25.95803,80.11376,-0.002316917,26.24327
81.09763,-0.002449036,36.08313,18.30394,0.003340967,-23.9213,80.44465,-0.002345301,26.73415
81.35887,-0.002433777,35.76451,17.96892,0.00333316,-21.29138,80.49161,-0.002560429,26.31688
81.61543,-0.002426147,35.4507,17.08822,0.002749651,-21.10077,80.45656,-0.002690175,25.89709
81.8464,-0.002418518,35.16273,15.81354,0.002272577,-21.0075,80.53679,-0.002823012,25.51293
82.06076,-0.002418518,34.8873,14.74253,0.001683103,-20.96685,80.65615,-0.002937557,25.15227
82.29971,-0.002418518,34.56793,13.7253,0.001066328,-20.96761,80.83047,-0.003052715,24.74339
82.64533,-0.002410889,34.08317,12.72569,0.0003618076,-21.04466,81.49935,-0.003004418,24.62827
82.94437,-0.002418518,33.65455,12.8346,3.801237E-05,-19.80424,82.10996,-0.002913811,24.59216
83.1274,-0.002433777,33.39423,13.15053,-8.190707E-05,-18.2199,82.29302,-0.002965296,24.25422
83.32486,-0.002456665,33.11481,12.76914,-0.0005310632,-17.75978,82.47155,-0.003014501,23.86751
83.52795,-0.002487183,32.82742,12.32949,-0.0009770859,-17.44783,82.68581,-0.003049392,23.47082
83.81508,-0.00252533,32.41953,11.96477,-0.00137635,-17.22367,83.04783,-0.003068904,22.92347
84.09263,-0.002571106,32.02299,11.79435,-0.001709104,-17.1675,83.49718,-0.003000523,22.45263
84.35444,-0.002616882,31.64937,11.96926,-0.001740458,-17.02116,84.07558,-0.00284437,22.68676
84.52963,-0.002662659,31.41062,12.70619,-0.001422303,-14.88571,84.45608,-0.002763436,22.85632
84.69683,-0.002708435,31.20006,13.34923,-0.00117779,-12.90006,84.71121,-0.002726585,22.55888
84.95434,-0.002761841,30.90179,13.79382,-0.000969919,-12.09736,85.09395,-0.002671658,22.10718
85.1664,-0.002807617,30.67648,14.41107,-0.0006220068,-11.55765,85.39891,-0.002628172,21.74282
85.45457,-0.002853394,30.39574,15.02573,-0.00024977,-11.09505,85.79813,-0.002571607,21.25993
85.76498,-0.002891541,30.11738,15.75943,0.0002292202,-10.92564,86.21033,-0.002513574,20.75512
85.95994,-0.002922058,29.95519,16.54534,0.0007666745,-10.98257,86.45753,-0.002478994,20.44858
86.19437,-0.002952576,29.77304,17.26215,0.001283113,-10.9706,86.74104,-0.002439587,20.09263
86.43467,-0.002975464,29.59689,18.00556,0.001863237,-11.15745,87.01801,-0.002401332,19.74054
86.68228,-0.002990723,29.42372,18.74665,0.002469458,-11.48433,87.28999,-0.002364001,19.39046
87.09641,-0.002983093,29.14403,19.47626,0.003095784,-11.94927,87.72374,-0.002304836,18.82516
87.4757,-0.002967834,28.8919,20.19975,0.003757434,-12.87075,88.10284,-0.00225345,18.32484
87.75004,-0.002960205,28.70948,20.87634,0.004411035,-13.8973,88.36489,-0.002218151,17.9746
88.04561,-0.002937317,28.51079,21.51823,0.005066549,-14.87451,88.63523,-0.002181962,17.60868
88.35616,-0.002906799,28.29773,22.10878,0.005698849,-15.97795,88.90779,-0.002145703,17.23507
88.69268,-0.002861023,28.06015,22.63888,0.006317781,-17.18888,89.19192,-0.002108136,16.84063
89.18365,-0.002784729,27.70084,23.09324,0.006898019,-18.51052,89.59177,-0.002055591,16.27842
89.64172,-0.002700806,27.35003,23.38135,0.007423388,-20.08412,89.95306,-0.002008404,15.76389
89.96642,-0.002639771,27.08812,23.58076,0.007890644,-21.69361,90.20203,-0.001976085,15.40469
90.41104,-0.002540588,26.70959,23.77278,0.008354506,-23.23192,90.53444,-0.001933198,14.91888
90.87048,-0.002426147,26.29533,23.78958,0.008711424,-24.86937,90.88067,-0.001888797,14.40622
91.2792,-0.002326965,25.90327,23.05232,0.008773797,-25.9628,91.19479,-0.001848757,13.93496
91.83066,-0.002166748,25.33844,22.12176,0.008750813,-26.88013,91.62862,-0.001793791,13.27546
92.23943,-0.002059937,24.88912,21.05345,0.008532379,-27.85532,91.95934,-0.001752145,12.76593
92.52757,-0.001983643,24.54832,20.03362,0.008350488,-28.75984,92.11198,-0.001843172,13.18531
92.79803,-0.001914978,24.21094,18.79751,0.007807552,-27.2021,92.27393,-0.001910628,13.58626
93.05301,-0.001838684,23.88184,17.85823,0.007347884,-25.48892,92.48508,-0.001881492,13.22746
93.3345,-0.001754761,23.5048,17.327,0.00716533,-25.89094,92.49397,-0.001740723,12.75702
93.73409,-0.001617432,22.94119,16.07314,0.00725732,-26.49745,92.51022,-0.001488711,12.06632
94.13181,-0.001472473,22.33753,14.31038,0.007574549,-27.30587,92.6041,-0.001198499,11.34954
94.36086,-0.001396179,21.95599,12.53692,0.00808254,-28.2145,92.83341,-0.001178619,10.96815
94.58784,-0.001296997,21.53943,11.46525,0.008098704,-28.88611,93.07547,-0.001157746,10.56017
94.80854,-0.001197815,21.09161,10.41645,0.007991108,-29.4825,93.32769,-0.00113611,10.12931
94.99239,-0.001106262,20.67784,9.411265,0.007812715,-29.99693,93.55415,-0.001116785,9.737228
95.25168,-0.0009613037,20.02852,8.452469,0.007579479,-30.43871,93.90029,-0.001087398,9.129749
95.47099,-0.000831604,19.41729,7.647173,0.007148123,-30.7474,94.21848,-0.001060523,8.563656
95.60519,-0.0007629395,19.00148,6.942644,0.006661285,-30.9792,94.43031,-0.001042721,8.181511
95.73675,-0.0006866455,18.54802,6.254306,0.006251857,-31.19141,94.65679,-0.001023784,7.76722
95.88763,-0.0005874634,17.97028,5.680039,0.005782236,-31.3347,94.94014,-0.001000209,7.241619
95.99832,-0.0005187988,17.50253,5.294504,0.005214095,-31.3853,95.16574,-0.0009815292,6.817181
96.13551,-0.0004272461,16.8671,4.965081,0.004671155,-31.42049,95.46748,-0.0009566658,6.241375
96.34796,-0.0002670288,15.80493,4.876762,0.004044435,-31.362,95.96461,-0.0009158974,5.278976
96.43049,-0.0002288818,15.37524,5.275976,0.003213488,-31.12395,96.16307,-0.0008996997,4.889023
96.50565,-0.0001983643,14.97398,5.396773,0.002602656,-31.04889,96.34605,-0.0008848357,4.524094
96.58086,-0.0001831055,14.5686,5.583986,0.002002898,-30.96692,96.52866,-0.0008700705,4.15443
96.65801,-0.0001678467,14.15502,5.853132,0.001445561,-30.87058,96.71275,-0.0008552523,3.776131
96.78027,-0.0001449585,13.5131,6.202611,0.0008956296,-30.75994,96.99522,-0.0008326158,3.186867
96.94553,-0.0001144409,12.68092,6.790114,0.0003526461,-30.57047,97.35741,-0.0008037152,2.419628
97.03015,-0.0001296997,12.28173,7.605603,-0.0001880388,-30.31064,97.52939,-0.0007900512,2.049576
97.12062,-0.0001449585,11.8843,8.24273,-0.0006297225,-30.14734,97.69897,-0.0007766347,1.678925
97.22075,-0.0001678467,11.47632,8.915614,-0.001045107,-29.97235,97.87147,-0.0007630423,1.295885
97.32714,-0.0001983643,11.07507,9.621088,-0.001410199,-29.7824,98.03963,-0.0007498441,0.9165134
97.53523,-0.0002441406,10.34894,10.34128,-0.001721035,-29.5808,98.34147,-0.0007262442,0.2246017
97.71693,-0.000289917,9.764122,11.18974,-0.001916652,-29.30453,98.57937,-0.0007077131,-0.3296871
97.86114,-0.0003356934,9.335602,11.98707,-0.00207107,-29.0153,98.75115,-0.0006943804,-0.736599
98.01533,-0.0003890991,8.911293,12.7322,-0.002188953,-28.73444,98.92004,-0.0006813188,-1.143343
98.2329,-0.0004501343,8.354713,13.44742,-0.002236421,-28.44506,99.14013,-0.000664354,-1.682362
98.39711,-0.0004959106,7.962646,14.12179,-0.002195779,-28.13108,99.29327,-0.0006525874,-2.063854
98.64465,-0.0005645752,7.408508,14.74859,-0.002156269,-27.83136,99.50873,-0.0006360846,-2.609808
98.89275,-0.0006332397,6.885109,15.28806,-0.001987599,-27.52076,99.70975,-0.0006207331,-3.128084
99.0817,-0.0006866455,6.507401,15.74926,-0.001757475,-27.2183,99.85318,-0.00060981,-3.504446
99.27806,-0.0007400513,6.133667,16.17613,-0.001524125,-26.93844,99.99441,-0.000599083,-3.881641
99.47011,-0.000793457,5.783882,16.53316,-0.001243637,-26.67931,100.1259,-0.0005891223,-4.239063
99.65416,-0.0008392334,5.461517,16.82793,-0.0009185013,-26.44566,100.2464,-0.0005800104,-4.572704
99.86249,-0.0008850098,5.108971,17.06559,-0.0005733206,-26.24047,100.3776,-0.000570114,-4.94244
100.1905,-0.0009384155,4.569786,17.21151,-0.0001867333,-26.07115,100.5767,-0.0005551219,-5.513905
100.5179,-0.0009841919,4.042923,17.13899,0.0002776431,-25.96475,100.7675,-0.0005407743,-6.071966
100.7538,-0.001022339,3.668388,16.95574,0.0007651133,-25.90467,100.9004,-0.0005308009,-6.467852
100.9738,-0.001052856,3.321655,16.78865,0.001258373,-25.87569,101.0216,-0.0005217184,-6.835764
101.1934,-0.001075745,2.976349,16.56874,0.001759336,-25.88823,101.1403,-0.0005128225,-7.203484
101.4065,-0.001091003,2.64019,16.28027,0.002264147,-25.94411,101.254,-0.0005043183,-7.562178
101.6221,-0.001106262,2.296944,15.93259,0.002766848,-26.04124,101.3679,-0.0004958004,-7.928741
102.1028,-0.001083374,1.520538,15.51481,0.00328646,-26.17994,101.6202,-0.0004769359,-8.757004
102.4042,-0.001068115,1.02021,14.63894,0.003738327,-26.42231,101.7755,-0.0004653285,-9.277153
102.6048,-0.001060486,0.6751404,13.87391,0.004191485,-26.66858,101.879,-0.0004575898,-9.631123
